[
  {
    "id": "485876102678446081",
    "pointHours": 13188497,
    "startedWorkAt": null
  },
  {
    "id": "1088983523542708355",
    "pointHours": 2354861,
    "startedWorkAt": "2023-07-13T22:36:00.249Z"
  },
  {
    "id": "397799850541973505",
    "pointHours": 3974248,
    "startedWorkAt": null
  },
  {
    "id": "606702164525711370",
    "pointHours": 0,
    "startedWorkAt": null
  },
  {
    "id": "381159321100222485",
    "pointHours": 8397757,
    "startedWorkAt": null
  },
  {
    "id": "782786160564633610",
    "pointHours": 5256822,
    "startedWorkAt": null
  },
  {
    "id": "1033151004075630694",
    "pointHours": 0,
    "startedWorkAt": null
  },
  {
    "id": "958807864066056226",
    "pointHours": 17750179,
    "startedWorkAt": "2023-07-13T22:36:12.018Z"
  },
  {
    "id": "1004872711518027836",
    "pointHours": 0,
    "startedWorkAt": null
  },
  {
    "id": "973770893027319828",
    "pointHours": 5220398,
    "startedWorkAt": null
  },
  {
    "id": "773391225080250368",
    "pointHours": 0,
    "startedWorkAt": null
  },
  {
    "id": "912368989693427723",
    "pointHours": 5654950,
    "startedWorkAt": null
  },
  {
    "id": "912403906989027389",
    "pointHours": 0,
    "startedWorkAt": null
  },
  {
    "id": "429536794187399170",
    "pointHours": 7098875,
    "startedWorkAt": null
  },
  {
    "id": "1028449053660418109",
    "pointHours": 0,
    "startedWorkAt": null
  },
  {
    "id": "962718604032360538",
    "pointHours": 0,
    "startedWorkAt": null
  },
  {
    "id": "315517773268647937",
    "pointHours": 0,
    "startedWorkAt": null
  },
  {
    "id": "325390039154688000",
    "pointHours": 0,
    "startedWorkAt": null
  },
  {
    "id": "862112960477528144",
    "pointHours": 0,
    "startedWorkAt": null
  },
  {
    "id": "759175106739175445",
    "pointHours": 0,
    "startedWorkAt": null
  },
  {
    "id": "846163883400232990",
    "pointHours": 0,
    "startedWorkAt": null
  },
  {
    "id": "436857331582763009",
    "pointHours": 0,
    "startedWorkAt": null
  },
  {
    "id": "514610114993455104",
    "pointHours": 0,
    "startedWorkAt": null
  },
  {
    "id": "687685227119640625",
    "pointHours": 0,
    "startedWorkAt": null
  },
  {
    "id": "760256163509043200",
    "pointHours": 0,
    "startedWorkAt": null
  },
  {
    "id": "469664301532053504",
    "pointHours": 0,
    "startedWorkAt": null
  },
  {
    "id": "712276452761927772",
    "pointHours": 0,
    "startedWorkAt": null
  },
  {
    "id": "625862708067303455",
    "pointHours": 0,
    "startedWorkAt": null
  },
  {
    "id": "1028902240334921829",
    "pointHours": 298368,
    "startedWorkAt": null
  },
  {
    "id": "936009744668323850",
    "pointHours": 0,
    "startedWorkAt": null
  },
  {
    "id": "857744784714104903",
    "pointHours": 0,
    "startedWorkAt": null
  },
  {
    "id": "901973333409665094",
    "pointHours": 0,
    "startedWorkAt": null
  },
  {
    "id": "347553566728257546",
    "pointHours": 0,
    "startedWorkAt": null
  },
  {
    "id": "765273958878543973",
    "pointHours": 0,
    "startedWorkAt": null
  },
  {
    "id": "871025537303318569",
    "pointHours": 0,
    "startedWorkAt": null
  },
  {
    "id": "1051016961854816296",
    "pointHours": 3280911,
    "startedWorkAt": null
  },
  {
    "id": "937105074335907950",
    "pointHours": 0,
    "startedWorkAt": null
  },
  {
    "id": "1050468435437563947",
    "pointHours": 0,
    "startedWorkAt": null
  },
  {
    "id": "459705045949218838",
    "pointHours": 0,
    "startedWorkAt": null
  },
  {
    "id": "703034795071897711",
    "pointHours": 15411327,
    "startedWorkAt": null
  },
  {
    "id": "1077943701965373461",
    "pointHours": 0,
    "startedWorkAt": null
  },
  {
    "id": "762141072838623264",
    "pointHours": 14538296,
    "startedWorkAt": "2023-07-13T23:07:38.005Z"
  },
  {
    "id": "937724948087201803",
    "pointHours": 0,
    "startedWorkAt": null
  },
  {
    "id": "582264855931781136",
    "pointHours": 0,
    "startedWorkAt": null
  },
  {
    "id": "772246114136883201",
    "pointHours": 25079515,
    "startedWorkAt": null
  },
  {
    "id": "968295960469995570",
    "pointHours": 0,
    "startedWorkAt": null
  },
  {
    "id": "947175953245831258",
    "pointHours": 0,
    "startedWorkAt": null
  },
  {
    "id": "396509819768537101",
    "pointHours": 0,
    "startedWorkAt": null
  },
  {
    "id": "981839981515526184",
    "pointHours": 0,
    "startedWorkAt": null
  },
  {
    "id": "827987796240629801",
    "pointHours": 19892655,
    "startedWorkAt": null
  },
  {
    "id": "143115259572387840",
    "pointHours": 10246075,
    "startedWorkAt": null
  },
  {
    "id": "699098055634583562",
    "pointHours": 21225938,
    "startedWorkAt": "2023-07-13T22:59:04.935Z"
  },
  {
    "id": "1004066516943257680",
    "pointHours": 36610655,
    "startedWorkAt": "2023-07-13T23:06:45.296Z"
  },
  {
    "id": "1111830419030151249",
    "pointHours": 0,
    "startedWorkAt": null
  },
  {
    "id": "630440428734513192",
    "pointHours": 0,
    "startedWorkAt": null
  },
  {
    "id": "1116189368630128770",
    "pointHours": 0,
    "startedWorkAt": null
  },
  {
    "id": "1107397207075852369",
    "pointHours": 0,
    "startedWorkAt": null
  },
  {
    "id": "1091390610071625778",
    "pointHours": 0,
    "startedWorkAt": null
  }
]